Province,Year,Area,Area_Norm
AB,1946,117900.0,0.0018355422633995365
AB,1947,2400.0,3.7364728008133056e-05
AB,1948,4900.0,7.628631968327166e-05
AB,1949,0.0,0.0
AB,1950,94324.1,0.0014684976421299764
AB,1951,1570.2,2.4445873299321052e-05
AB,1952,65528.0,0.001020181623715393
AB,1953,400329.39999999997,0.006232582976941291
AB,1954,364.2,5.670097475234191e-06
AB,1955,46190.90000000001,0.0007191293395628639
AB,1956,647.5,1.0080692243860897e-05
AB,1957,0.0,0.0
AB,1958,0.0,0.0
AB,1959,28280.03,0.00044028151208826794
AB,1960,11372.9,0.0001770605479848735
AB,1961,96690.51119,0.00150533943815904
AB,1962,991.7761199999999,1.5440602070317302e-05
AB,1963,5598.90555,8.716732625790692e-05
AB,1964,5135.35382,7.995045779576129e-05
AB,1965,23193.94717,0.00036109813643419057
AB,1966,39166.127739999996,0.0006097632125570395
AB,1967,6550.027370000001,0.0001019749963024488
AB,1968,429961.5382700001,0.006693914971423768
AB,1969,30211.82271,0.00047035689091211975
AB,1970,146584.81487,0.00228212572405837
AB,1971,225160.22128,0.003505437677657605
AB,1972,49239.17353000001,0.0007665868026223813
AB,1973,8745.22929,0.00013615129741233688
AB,1974,16378.55701,0.0002549918032684796
AB,1975,2637.24558,4.105831824472963e-05
AB,1976,16357.752119999997,0.00025466789949510907
AB,1977,12964.329819999999,0.00020183694063834523
AB,1978,4775.6954399999995,7.435106715220054e-05
AB,1979,274552.10228,0.0042744019273972195
AB,1980,958837.2,0.014927787992533281
AB,1981,2002932.9999999998,0.031182936151464148
AB,1982,706272.0100000001,0.010995692313919765
AB,1983,2611.6000000000004,4.065905152751679e-05
AB,1984,87458.19999999998,0.0013616049396170424
AB,1985,19690.4,0.00030655268348805964
AB,1986,932.8,1.4522424285827713e-05
AB,1987,33130.09999999999,0.0005157904897426036
AB,1988,11673.5,0.0001817404801678922
AB,1989,7069.200000000001,0.00011005780634795593
AB,1990,55273.40000000001,0.0008605314821186425
AB,1991,3668.5999999999995,5.711510048776538e-05
AB,1992,773.6,1.204389732795489e-05
AB,1993,23947.699999999997,0.00037283304038348663
AB,1994,93721.9,0.0014591222091272689
AB,1995,338759.3,0.005274020460302312
AB,1996,14528.0,0.00022618115354256543
AB,1997,3810.0,5.9316505712911224e-05
AB,1998,741907.3,0.011550485196561823
AB,1999,183631.49,0.0028588919489909185
AB,2000,21748.4,0.00033859293775503375
AB,2001,164102.6,0.00255485375601144
AB,2002,497159.50000000006,0.007740095622566429
AB,2003,202867.16,0.003158365106326004
AB,2004,428402.22,0.006669638511825157
AB,2005,88854.84,0.001383348720335909
AB,2006,131593.62,0.002048733257877341
AB,2007,323180.2,0.005031475112755851
AB,2008,33370.32,0.0005195303876434844
AB,2009,90954.63,0.0014160395879293246
AB,2010,89842.30000000002,0.0013987221263021222
AB,2011,892349.8999999999,0.013892671375660304
AB,2012,722941.8600000001,0.011255219151914088
AB,2013,52552.899999999994,0.0008181770060577564
AB,2014,271321.86,0.004224111458983648
AB,2015,794308.8899999999,0.01236630651220503
AB,2016,639238.3,0.0099520688382839
AB,2017,127734.6,0.001988653577594864
BC,1946,0.0,0.0
BC,1947,0.0,0.0
BC,1948,0.0,0.0
BC,1949,0.0,0.0
BC,1950,336748.90300000005,0.0036397967868082746
BC,1951,160148.00099999996,0.001730981672874427
BC,1952,51352.0,0.0005550451476784128
BC,1953,12609.599999999999,0.0001362925941378274
BC,1954,1715.7,1.8544379184293753e-05
BC,1955,19000.5,0.00020536951488673628
BC,1956,214677.49800000005,0.002320371233460083
BC,1957,8379.4,9.056989621546369e-05
BC,1958,838323.9920000002,0.009061140051838227
BC,1959,101140.101,0.0010931866781382338
BC,1960,105036.40000000002,0.001135300361224662
BC,1961,470965.6,0.005090496397481155
BC,1962,14528.199999999997,0.00015703004585023982
BC,1963,13284.800000000003,0.00014359058610917159
BC,1964,906.3,9.79586807409537e-06
BC,1965,112051.49900000003,0.0012111240226289634
BC,1966,16491.600000000002,0.00017825172451809692
BC,1967,88590.601,0.0009575436831080452
BC,1968,12644.8,0.00013667305817424819
BC,1969,154558.29999999993,0.0016705646216004127
BC,1970,93667.001,0.0010124126499968654
BC,1971,346489.89999999997,0.0037450836912793746
BC,1972,19123.8,0.00020670221987794887
BC,1973,26249.000000000004,0.0002837159230684425
BC,1974,10679.699999999999,0.000115433004822814
BC,1975,18733.199999999997,0.00020248036611016592
BC,1976,54301.0,0.0005869198193660518
BC,1977,1143.7,1.2361838592456004e-05
BC,1978,44937.8,0.00048571638567812314
BC,1979,17347.7,0.00018750499899479673
BC,1980,58138.6,0.0006283990462458359
BC,1981,99533.89799999999,0.0010758258123231435
BC,1982,343531.4,0.0037131063375364522
BC,1983,62634.5,0.0006769935991249327
BC,1984,13578.6,0.00014676616377679732
BC,1985,298298.006,0.0032241949834952107
BC,1986,10550.7,0.00011403869059843103
BC,1987,24420.600000000002,0.0002639534104493583
BC,1988,5858.000000000001,6.331699787934535e-05
BC,1989,17048.0,0.0001842656503665209
BC,1990,67131.6,0.0007256011223689075
BC,1991,19311.2,0.00020872775852639363
BC,1992,24428.300000000003,0.00026403663695732536
BC,1993,1249.8,1.3508635020417516e-05
BC,1994,22317.300000000003,0.0002412196034094766
BC,1995,45238.3,0.0004889643812163176
BC,1996,18268.0,0.00019745218799246855
BC,1997,1380.0,1.4915919609678487e-05
BC,1998,70576.80000000002,0.0007628390399335919
BC,1999,7373.0,7.969208353779672e-05
BC,2000,13808.6,0.0001492521503784104
BC,2001,11711.4,0.00012658427602665843
BC,2002,5151.0,5.56752912387347e-05
BC,2003,274858.5,0.0029708458623455176
BC,2004,212703.7,0.002299037166580558
BC,2005,33532.5,0.00036244063355908975
BC,2006,130443.59999999999,0.0014099175733312003
BC,2007,26639.4,0.0002879356151087457
BC,2008,11145.300000000001,0.00012046550639547076
BC,2009,235734.27999999997,0.002547966354873506
BC,2010,330116.59999999986,0.0035681106285654976
BC,2011,11595.0,0.00012532615063349424
BC,2012,98190.60000000002,0.0010613065913232585
BC,2013,13920.1,0.00015045731344832283
BC,2014,363513.61,0.003929086799843491
BC,2015,274951.97,0.002971856145683138
BC,2016,96678.20000000001,0.0010449596081220426
BC,2017,1221313.0599999998,0.01320073001536988
MB,1946,0.0,0.0
MB,1947,0.0,0.0
MB,1948,0.0,0.0
MB,1949,0.0,0.0
MB,1950,0.0,0.0
MB,1951,0.0,0.0
MB,1952,0.0,0.0
MB,1953,0.0,0.0
MB,1954,0.0,0.0
MB,1955,0.0,0.0
MB,1956,0.0,0.0
MB,1957,0.0,0.0
MB,1958,0.0,0.0
MB,1959,8406.01,0.00015185473556424283
MB,1960,148249.34,0.002678127235546178
MB,1961,946882.8000000003,0.01710545635852561
MB,1962,63015.0,0.0011383672112667915
MB,1963,19323.0,0.00034907037409042627
MB,1964,424406.51999999996,0.007666912110066551
MB,1965,30556.0,0.000551994739466287
MB,1966,9510.0,0.0001717983365729935
MB,1967,142488.0,0.002574048515416688
MB,1968,40643.600000000006,0.0007342274313709905
MB,1969,38640.0,0.0006980323580631409
MB,1970,109284.0,0.001974217604000318
MB,1971,9460.4,0.00017090231159991038
MB,1972,37926.0,0.0006851339340554524
MB,1973,55888.399999999994,0.001009625042452796
MB,1974,157421.2,0.0028438170663853345
MB,1975,20820.4,0.00037612093446733486
MB,1976,100693.69999999998,0.0018190336659705609
MB,1977,190627.29999999993,0.003443685914342902
MB,1978,21580.699999999997,0.00038985576888336495
MB,1979,78894.6,0.0014252324968024915
MB,1980,520336.89999999997,0.009399896306787388
MB,1981,370861.30000000005,0.006699616660283694
MB,1982,11814.2,0.0002134237547781977
MB,1983,95050.4,0.001717087340756852
MB,1984,123307.79999999999,0.002227557826127799
MB,1985,9754.9,0.00017622245987759143
MB,1986,66744.6,0.0012057425084363643
MB,1987,106823.49999999999,0.0019297686232287246
MB,1988,492026.5999999999,0.008888470181878615
MB,1989,3543424.6999999997,0.06401203672257187
MB,1990,12985.300000000001,0.00023457969925355342
MB,1991,145361.3,0.0026259547362868433
MB,1992,430934.3,0.00778483658383253
MB,1993,64677.8,0.0011684057258886183
MB,1994,1422152.0,0.025691203780647306
MB,1995,884488.3,0.015978298491932164
MB,1996,121829.79999999997,0.0022008577271314914
MB,1997,38392.40000000001,0.0006935594592055728
MB,1998,446367.4000000001,0.008063635838108521
MB,1999,103887.09999999998,0.001876722499620634
MB,2000,110499.354,0.001996172997853876
MB,2001,76507.95699999998,0.0013821177441848697
MB,2002,89488.65100000001,0.0016166142359580605
MB,2003,931051.584,0.016819465130899134
MB,2004,26040.8,0.00047042756288433326
MB,2005,74037.8,0.0013374943095188201
MB,2006,163932.7,0.002961447441631922
MB,2007,334866.2,0.006049364472609817
MB,2008,152619.6,0.00275707606818461
MB,2009,1980.0,3.5768738844850386e-05
MB,2010,185070.3,0.00334329860032228
MB,2011,127324.2,0.0023001141709239896
MB,2012,212953.2,0.003847003735846057
MB,2013,1111041.9000000001,0.020070993720599183
MB,2014,36107.7,0.0006522863088829314
MB,2015,64562.5,0.0011663228291265925
MB,2016,36143.9,0.0006529402625931252
MB,2017,217063.9,0.003921263611992283
NB,1946,0.0,0.0
NB,1947,0.0,0.0
NB,1948,0.0,0.0
NB,1949,0.0,0.0
NB,1950,0.0,0.0
NB,1951,0.0,0.0
NB,1952,0.0,0.0
NB,1953,0.0,0.0
NB,1954,0.0,0.0
NB,1955,0.0,0.0
NB,1956,0.0,0.0
NB,1957,0.0,0.0
NB,1958,0.0,0.0
NB,1959,0.0,0.0
NB,1960,0.0,0.0
NB,1961,0.0,0.0
NB,1962,0.0,0.0
NB,1963,0.0,0.0
NB,1964,0.0,0.0
NB,1965,0.0,0.0
NB,1966,0.0,0.0
NB,1967,0.0,0.0
NB,1968,0.0,0.0
NB,1969,0.0,0.0
NB,1970,0.0,0.0
NB,1971,0.0,0.0
NB,1972,0.0,0.0
NB,1973,0.0,0.0
NB,1974,0.0,0.0
NB,1975,0.0,0.0
NB,1976,0.0,0.0
NB,1977,0.0,0.0
NB,1978,0.0,0.0
NB,1979,0.0,0.0
NB,1980,2080.0,0.00029111266620014
NB,1981,0.0,0.0
NB,1982,5338.7,0.0007471938418474458
NB,1983,590.0,8.257522743177047e-05
NB,1984,0.0,0.0
NB,1985,1701.0,0.00023806857942617216
NB,1986,37417.0,0.005236808957312806
NB,1987,273.0,3.820853743876837e-05
NB,1988,1632.0,0.00022841147655703288
NB,1989,0.0,0.0
NB,1990,5984.0,0.0008375087473757873
NB,1991,2935.0,0.00041077676696990904
NB,1992,4216.0,0.0005900629811056683
NB,1993,318.0,4.450664800559832e-05
NB,1994,227.0,3.1770468859342195e-05
NB,1995,0.0,0.0
NB,1996,1336.0,0.00018698390482855144
NB,1997,0.0,0.0
NB,1998,0.0,0.0
NB,1999,671.5,9.398180545836249e-05
NB,2000,0.0,0.0
NB,2001,0.0,0.0
NB,2002,0.0,0.0
NB,2003,0.0,0.0
NB,2004,0.0,0.0
NB,2005,0.0,0.0
NB,2006,0.0,0.0
NB,2007,0.0,0.0
NB,2008,0.0,0.0
NB,2009,0.0,0.0
NB,2010,0.0,0.0
NB,2011,0.0,0.0
NB,2012,0.0,0.0
NB,2013,0.0,0.0
NB,2014,0.0,0.0
NB,2015,0.0,0.0
NB,2016,0.0,0.0
NB,2017,415.0,5.808257522743177e-05
NL,1946,0.0,0.0
NL,1947,0.0,0.0
NL,1948,0.0,0.0
NL,1949,0.0,0.0
NL,1950,0.0,0.0
NL,1951,0.0,0.0
NL,1952,0.0,0.0
NL,1953,0.0,0.0
NL,1954,0.0,0.0
NL,1955,895.0,2.3938674198656223e-05
NL,1956,2493.0,6.66805751701117e-05
NL,1957,4906.0,0.00013122138057944965
NL,1958,1069.0,2.859267342833911e-05
NL,1959,14467.0,0.00038695061411392134
NL,1960,12156.0,0.0003251380151495699
NL,1961,404179.0,0.010810625026747123
NL,1962,202.0,5.402918645953696e-06
NL,1963,1813.0,4.84925322035349e-05
NL,1964,1153.0,3.083943167715154e-05
NL,1965,259.0,6.927504600504986e-06
NL,1966,485.0,1.2972354174690803e-05
NL,1967,2914.0,7.794111353618351e-05
NL,1968,7524.0,0.00020124534600077031
NL,1969,7472.0,0.00019985449565626737
NL,1970,4792.0,0.00012817220867034708
NL,1971,1464.0,3.915778662215946e-05
NL,1972,44622.0,0.0011935100783155733
NL,1973,8531.0,0.0002281796978645098
NL,1974,51460.0,0.0013764068986177088
NL,1975,173652.0,0.004644691231223521
NL,1976,177049.0,0.004735551204690375
NL,1977,1268.0,3.391535070826379e-05
NL,1978,4474.0,0.00011966662387127145
NL,1979,31897.0,0.0008531529507425001
NL,1980,752.0,2.011383575127316e-05
NL,1981,8930.0,0.0002388517995463688
NL,1982,2973.0,7.951919373475415e-05
NL,1983,13720.0,0.00036697051397269653
NL,1984,7407.0,0.00019811593272563873
NL,1985,104480.0,0.0027945393075705055
NL,1986,102124.0,0.0027315230881157187
NL,1987,11544.0,0.00030876877647965077
NL,1988,1556.0,4.1618521847049257e-05
NL,1989,53574.0,0.0014329503145461549
NL,1990,24430.0,0.000653432190696281
NL,1991,55601.0,0.0014871667308597595
NL,1992,1519.0,4.06288783326914e-05
NL,1993,28425.0,0.0007602869431249197
NL,1994,109922.0,0.002940097145547139
NL,1995,400.0,1.0698848803868704e-05
NL,1996,81149.0,0.0021705022039628535
NL,1997,8259.0,0.00022090448067787905
NL,1998,39630.0,0.0010599884452432919
NL,1999,38323.0,0.0010250299567766507
NL,2000,102471.043,0.0027408054895793213
NL,2001,446.27,1.1936438139256215e-05
NL,2002,14222.183,0.00038040246394487954
NL,2003,27510.761000000006,0.0007358336810459196
NL,2004,2068.886,5.5336746266101764e-05
NL,2005,17976.457,0.00048081848868061793
NL,2006,3225.607,8.627570398425129e-05
NL,2007,10606.145999999999,0.0002836838811143921
NL,2008,0.0,0.0
NL,2009,16260.009,0.0004349084446013609
NL,2010,798.723,2.1363541532931055e-05
NL,2011,0.0,0.0
NL,2012,28714.197000000004,0.000768022130568751
NL,2013,30067.796000000002,0.0008042270081739205
NL,2014,8832.0,0.00023623058158942097
NL,2015,3520.0,9.41498694740446e-05
NL,2016,10316.0,0.00027592331065177386
NL,2017,0.0,0.0
NS,1946,0.0,0.0
NS,1947,0.0,0.0
NS,1948,0.0,0.0
NS,1949,0.0,0.0
NS,1950,0.0,0.0
NS,1951,0.0,0.0
NS,1952,0.0,0.0
NS,1953,0.0,0.0
NS,1954,0.0,0.0
NS,1955,0.0,0.0
NS,1956,0.0,0.0
NS,1957,0.0,0.0
NS,1958,0.0,0.0
NS,1959,0.0,0.0
NS,1960,5683.0,0.0010654692714387492
NS,1961,1233.0,0.00023116727286362444
NS,1962,0.0,0.0
NS,1963,215.0,4.030897296486558e-05
NS,1964,0.0,0.0
NS,1965,0.0,0.0
NS,1966,0.0,0.0
NS,1967,0.0,0.0
NS,1968,0.0,0.0
NS,1969,0.0,0.0
NS,1970,0.0,0.0
NS,1971,0.0,0.0
NS,1972,0.0,0.0
NS,1973,0.0,0.0
NS,1974,0.0,0.0
NS,1975,0.0,0.0
NS,1976,0.0,0.0
NS,1977,0.0,0.0
NS,1978,0.0,0.0
NS,1979,0.0,0.0
NS,1980,551.0,0.00010330346094716712
NS,1981,0.0,0.0
NS,1982,0.0,0.0
NS,1983,0.0,0.0
NS,1984,0.0,0.0
NS,1985,0.0,0.0
NS,1986,0.0,0.0
NS,1987,0.0,0.0
NS,1988,0.0,0.0
NS,1989,0.0,0.0
NS,1990,528.0,9.899133825790243e-05
NS,1991,532.4,9.981626607671828e-05
NS,1992,594.89,0.00011153211593985527
NS,1993,0.0,0.0
NS,1994,0.0,0.0
NS,1995,0.0,0.0
NS,1996,0.0,0.0
NS,1997,0.0,0.0
NS,1998,0.0,0.0
NS,1999,810.0,0.00015186171210019122
NS,2000,0.0,0.0
NS,2001,0.0,0.0
NS,2002,0.0,0.0
NS,2003,795.0,0.00014904945817240993
NS,2004,0.0,0.0
NS,2005,0.0,0.0
NS,2006,1574.0,0.0002950991788218531
NS,2007,0.0,0.0
NS,2008,1950.0,0.0003655930106115715
NS,2009,681.0,0.00012767632832127188
NS,2010,0.0,0.0
NS,2011,0.0,0.0
NS,2012,0.0,0.0
NS,2013,0.0,0.0
NS,2014,200.9,3.7665454272751136e-05
NS,2015,0.0,0.0
NS,2016,275.014,5.156061344632345e-05
NS,2017,440.0,8.249278188158536e-05
NWT,1946,0.0,0.0
NWT,1947,0.0,0.0
NWT,1948,0.0,0.0
NWT,1949,0.0,0.0
NWT,1950,0.0,0.0
NWT,1951,0.0,0.0
NWT,1952,0.0,0.0
NWT,1953,0.0,0.0
NWT,1954,0.0,0.0
NWT,1955,0.0,0.0
NWT,1956,0.0,0.0
NWT,1957,0.0,0.0
NWT,1958,0.0,0.0
NWT,1959,40328.0,0.00034087153501227723
NWT,1960,42524.99999999999,0.0003594416292996699
NWT,1961,290777.2,0.00245778790196816
NWT,1962,22197.2,0.00018762134588808075
NWT,1963,5784.0,4.888913307158826e-05
NWT,1964,171566.19999999998,0.0014501595405232927
NWT,1965,1000.38,8.455689996914845e-06
NWT,1966,205847.37000000002,0.0017399203776567198
NWT,1967,36185.64,0.00030585832801531586
NWT,1968,228205.79,0.0019289044320568683
NWT,1969,490893.4000000002,0.004149265690968951
NWT,1970,205026.55000000005,0.0017329824146194064
NWT,1971,675098.3500000001,0.005706253988513083
NWT,1972,221685.44999999995,0.001873791401294074
NWT,1973,334713.6599999999,0.0028291598659436973
NWT,1974,15381.759999999998,0.00013001398885118144
NWT,1975,556512.7999999999,0.004703912229467874
NWT,1976,634000.8599999999,0.005358878356162067
NWT,1977,283048.06,0.0023924575157321746
NWT,1978,77964.0,0.0006589889990998111
NWT,1979,2645855.0,0.02236403132488367
NWT,1980,1168016.42,0.009872633158226162
NWT,1981,983459.0,0.008312665615741895
NWT,1982,302668.62,0.0025582998685639664
NWT,1983,229245.03999999998,0.0019376886698757906
NWT,1984,37593.0,0.00031775400753115794
NWT,1985,194463.4,0.0016436976210500514
NWT,1986,319899.0,0.002703939277397651
NWT,1987,397046.0,0.0033560226019263197
NWT,1988,64866.0,0.0005482784415320962
NWT,1989,572354.0,0.0048378096248367615
NWT,1990,103281.0,0.0008729803860246728
NWT,1991,222672.66,0.0018821357721550017
NWT,1992,35632.0,0.00030117869806480516
NWT,1993,861261.23,0.007279791646415938
NWT,1994,3021610.96,0.025540100330914514
NWT,1995,2842181.0,0.02402347253155944
NWT,1996,366930.80000000005,0.0031014745347967393
NWT,1997,125289.0,0.0010590025230646995
NWT,1998,1455233.8,0.01230033175976367
NWT,1999,559605.0,0.00473004898211033
NWT,2000,175752.0,0.0014855399231669744
NWT,2001,116215.0,0.000982304737191326
NWT,2002,26429.0,0.00022339054252230398
NWT,2003,126175.0,0.0010664914186216544
NWT,2004,514095.1099999999,0.004345377635588313
NWT,2005,214416.33,0.0018123493240130675
NWT,2006,59569.06000000001,0.0005035061724221
NWT,2007,442871.14,0.0037433585921552554
NWT,2008,303983.52999999997,0.0025694141164836
NWT,2009,9386.0,7.933495902661262e-05
NWT,2010,348363.32,0.0029445333175553744
NWT,2011,327350.3395,0.002766921561003647
NWT,2012,300589.93000000005,0.002540729786955291
NWT,2013,552218.7999999999,0.004667617288698613
NWT,2014,3415923.3100000005,0.028873016816205094
NWT,2015,718054.7600000001,0.00606934210137057
NWT,2016,252702.88000000003,0.002135965547699447
NWT,2017,1029146.08,0.008698834656850523
ON,1946,0.0,0.0
ON,1947,0.0,0.0
ON,1948,0.0,0.0
ON,1949,0.0,0.0
ON,1950,0.0,0.0
ON,1951,0.0,0.0
ON,1952,0.0,0.0
ON,1953,0.0,0.0
ON,1954,0.0,0.0
ON,1955,0.0,0.0
ON,1956,0.0,0.0
ON,1957,0.0,0.0
ON,1958,0.0,0.0
ON,1959,239.0,2.6042205807520857e-06
ON,1960,11032.0,0.00012020820689061511
ON,1961,469978.0,0.005121030879082443
ON,1962,9020.0,9.828481020244274e-05
ON,1963,17502.0,0.00019070740001808788
ON,1964,7498.0,8.170061052083322e-05
ON,1965,5301.0,5.776139455467283e-05
ON,1966,3369.0,3.670970350022501e-05
ON,1967,21897.0,0.00023859672827083021
ON,1968,304.0,3.3124814081532807e-06
ON,1969,1142.0,1.2443597921417916e-05
ON,1970,19635.0,0.00021394925147726865
ON,1971,38273.0,0.0004170348714942451
ON,1972,33638.0,0.00036653042634032915
ON,1973,1842.0,2.0071022216507708e-05
ON,1974,520791.0,0.005674705608663011
ON,1975,10036.0,0.00010935547175074449
ON,1976,532397.8999999999,0.0058011781101639775
ON,1977,410684.2,0.004474946635270736
ON,1978,4766.3,5.193513202526639e-05
ON,1979,60633.3,0.0006606798650163827
ON,1980,553389.8999999999,0.006029913668453299
ON,1981,175222.3,0.0019092783258021597
ON,1982,1636.9,1.78361868980464e-05
ON,1983,438371.59999999986,0.004776637417310547
ON,1984,117977.6,0.0012855217321662649
ON,1985,0.0,0.0
ON,1986,142925.5,0.0015573620444112228
ON,1987,70939.9,0.0007729838810732003
ON,1988,381423.0,0.004156107224151476
ON,1989,393498.8,0.004287689010298112
ON,1990,178310.0,0.0019429228943678009
ON,1991,312625.0,0.0034064621717892086
ON,1992,173168.0,0.0018868940147601556
ON,1993,102548.0,0.0011173958665898114
ON,1994,79975.3,0.0008714364946101351
ON,1995,602761.9,0.006567886800306405
ON,1996,441526.60000000003,0.004811015308240561
ON,1997,35949.0,0.000391711822834547
ON,1998,151921.2,0.0016553820740274217
ON,1999,324751.5,0.0035385964013812175
ON,2000,4554.0,4.962184319976987e-05
ON,2001,7082.7,7.717536864976067e-05
ON,2002,177663.40000000002,0.0019358773335832226
ON,2003,315891.1,0.003442050643918055
ON,2004,1230.0,1.3402474118514918e-05
ON,2005,40036.5,0.00043625053255766063
ON,2006,142266.5,0.0015501813692534168
ON,2007,38542.0,0.0004199659816876439
ON,2008,990.0,1.0787357217341277e-05
ON,2009,19445.0,0.00021187895059717284
ON,2010,12459.7,0.00013576488355647183
ON,2011,631892.4,0.0068853020623465665
ON,2012,148242.80000000002,0.0016153010489887672
ON,2013,48669.0,0.00053031301859675
ON,2014,5143.0,5.603977592806685e-05
ON,2015,39388.0,0.000429184268764281
ON,2016,84665.0,0.0009225369684911103
ON,2017,106847.0,0.0011642391480820842
QC,1946,0.0,0.0
QC,1947,0.0,0.0
QC,1948,0.0,0.0
QC,1949,0.0,0.0
QC,1950,0.0,0.0
QC,1951,0.0,0.0
QC,1952,0.0,0.0
QC,1953,0.0,0.0
QC,1954,0.0,0.0
QC,1955,0.0,0.0
QC,1956,0.0,0.0
QC,1957,0.0,0.0
QC,1958,0.0,0.0
QC,1959,34629.01,0.0002536685937142891
QC,1960,39932.06,0.000292515134111966
QC,1961,22208.100000000002,0.0001626814481865437
QC,1962,194634.49000000002,0.0014257600019924872
QC,1963,28960.0,0.00021214127905954606
QC,1964,89481.64,0.000655481683768848
QC,1965,6205.42,4.545668977561079e-05
QC,1966,7076.9,5.184056000609466e-05
QC,1967,97491.7,0.0007141579397682854
QC,1968,499919.67999999993,0.0036620718350220635
QC,1969,1197.0,8.76840853018911e-06
QC,1970,23333.23,0.00017092338593890097
QC,1971,235896.60000000006,0.0017280181785151287
QC,1972,97577.49999999999,0.0007147864522594217
QC,1973,85937.80000000002,0.0006295219202887936
QC,1974,98804.80000000002,0.0007237768179980193
QC,1975,36413.3,0.0002667390896677821
QC,1976,490750.2000000003,0.003594902456033429
QC,1977,27772.199999999997,0.00020344026347712447
QC,1978,3497.8,2.5622505728400563e-05
QC,1979,3525.0,2.582175444353936e-05
QC,1980,27608.0,0.00020223744586588216
QC,1981,188920.0,0.0013838995317655195
QC,1982,35492.0,0.0002599902719744962
QC,1983,1032203.7,0.007561222830386601
QC,1984,1712.0,1.2540948541089187e-05
QC,1985,84105.0,0.0006160960730422349
QC,1986,194313.0,0.0014234049847340322
QC,1987,33939.0,0.0002486140493785198
QC,1988,271644.5,0.001989882999982419
QC,1989,2105780.0,0.01542551321194789
QC,1990,81057.0,0.000593768496434034
QC,1991,434698.0,0.003184302131375226
QC,1992,24788.0,0.0001815800423110507
QC,1993,127475.0,0.0009337952192028879
QC,1994,114730.0,0.0008404340105836229
QC,1995,721045.0,0.005281885654678535
QC,1996,682818.4,0.005001863561512181
QC,1997,390130.0,0.0028578272513639746
QC,1998,416831.6,0.0030534250268106724
QC,1999,96079.8,0.0007038153198820916
QC,2000,37888.0,0.00027754173967569343
QC,2001,31589.1,0.0002314002789482012
QC,2002,1011364.0,0.007408565350648437
QC,2003,85418.5,0.0006257178814001325
QC,2004,2613.0,1.9141062230061943e-05
QC,2005,795668.0,0.005828523039597752
QC,2006,133313.0,0.0009765604397536348
QC,2007,338489.79999999993,0.0024795462403525525
QC,2008,770.0,5.640496715326328e-06
QC,2009,91574.70000000001,0.000670814018905187
QC,2010,312560.50000000006,0.002289605809858124
QC,2011,11498.100000000002,8.422726660064113e-05
QC,2012,61874.4,0.00045324980514647713
QC,2013,1870355.8000000005,0.01370095551479422
QC,2014,62271.7,0.0004561601549451773
QC,2015,4894.4,3.585304821232881e-05
QC,2016,30424.199999999983,0.0002228670132031574
QC,2017,37520.5,0.00027484968442519677
SK,1946,0.0,0.0
SK,1947,0.0,0.0
SK,1948,0.0,0.0
SK,1949,0.0,0.0
SK,1950,0.0,0.0
SK,1951,0.0,0.0
SK,1952,0.0,0.0
SK,1953,0.0,0.0
SK,1954,0.0,0.0
SK,1955,0.0,0.0
SK,1956,0.0,0.0
SK,1957,0.0,0.0
SK,1958,0.0,0.0
SK,1959,11530.189999999999,0.00019503489595491095
SK,1960,200238.67,0.0033870671835936578
SK,1961,11370.220000000001,0.00019232897937366584
SK,1962,2337.83,3.9544745646886086e-05
SK,1963,55719.00000000001,0.0009424952553003625
SK,1964,433316.55999999994,0.007329614706708209
SK,1965,2130.27,3.603383706650699e-05
SK,1966,12077.82,0.00020429813967177843
SK,1967,49216.759999999995,0.0008325088889114423
SK,1968,19526.120000000003,0.0003302872530810947
SK,1969,60007.59999999999,0.0010150375685486462
SK,1970,826915.11,0.013987393307689965
SK,1971,84295.40000000002,0.0014258693541457346
SK,1972,158430.0,0.0026798672499010463
SK,1973,489032.0,0.008272049744073777
SK,1974,17668.0,0.0002988568741478993
SK,1975,122567.0,0.00207323921743749
SK,1976,79515.70000000001,0.0013450200106227145
SK,1977,129054.19999999998,0.002182971179967049
SK,1978,92783.3,0.0015694434577273482
SK,1979,226922.6,0.0038384298680956587
SK,1980,1338376.0,0.02263883109545896
SK,1981,2543987.2872,0.04303192712953284
SK,1982,80127.4655,0.001355368115956738
SK,1983,58461.15990000001,0.0009888793019455808
SK,1984,320253.87730000005,0.005417142444171547
SK,1985,89699.01175,0.0015172722586461792
SK,1986,9082.08,0.00015362474754138293
SK,1987,213925.56880000004,0.003618583132888804
SK,1988,75747.68,0.0012812833862777535
SK,1989,539486.54,0.009125495867628801
SK,1990,168979.8,0.0028583187017283897
SK,1991,206240.74000000002,0.0034885930992953154
SK,1992,95639.99,0.001617764798219173
SK,1993,604072.21,0.010217972177960912
SK,1994,842608.37,0.014252847158085611
SK,1995,1645508.0999999999,0.027834016705402358
SK,1996,10762.7,0.00018205268730991602
SK,1997,2050.0,3.467605795807073e-05
SK,1998,1035596.0,0.01751726191080303
SK,1999,176629.98,0.0029877226456648163
SK,2000,138572.3,0.00234397127130886
SK,2001,198556.05,0.0033586054135246774
SK,2002,875329.0,0.014806321529941508
SK,2003,123233.0,0.002084504707486307
SK,2004,256138.80000000002,0.004332626280053993
SK,2005,212590.0,0.0035959917860030515
SK,2006,1204508.0,0.02037443376534627
SK,2007,211353.5,0.0035750762027517567
SK,2008,1127411.0,0.019070326428569012
SK,2009,40486.9,0.0006848419955817628
SK,2010,1729735.4300000004,0.029258734645272393
SK,2011,342598.0,0.005795096636253227
SK,2012,224880.19999999998,0.0038038823652792857
SK,2013,367678.69999999995,0.006219340444462486
SK,2014,341252.76,0.005772341699566634
SK,2015,1763247.04044,0.02982558857009469
SK,2016,268576.0094,0.0045430035454154865
SK,2017,397363.19999999995,0.0067214582212704625
YT,1946,49744.5,0.0010485970433671801
YT,1947,424.45,8.947260803851676e-06
YT,1948,26959.92,0.0005683058911319987
YT,1949,0.0,0.0
YT,1950,176851.82,0.0037279758680076143
YT,1951,338692.41,0.0071395201426671245
YT,1952,39655.859999999986,0.0008359319632960993
YT,1953,175273.76,0.003694710903031466
YT,1954,4562.46,9.617509607054097e-05
YT,1955,49238.39,0.0010379284176976376
YT,1956,1293.18,2.725979202809497e-05
YT,1957,76668.47000000002,0.00161614512079698
YT,1958,888841.26,0.018736469705369622
YT,1959,39102.0,0.0008242567839609099
YT,1960,8716.65,0.00018374400020236472
YT,1961,43851.66,0.000924377991993946
YT,1962,13168.07,0.0002775784110575454
YT,1963,17153.06,0.00036158063706942165
YT,1964,0.0,0.0
YT,1965,17678.97,0.00037266663996576665
YT,1966,190205.13000000003,0.004009459074898134
YT,1967,122725.75,0.002587016827890917
YT,1968,10680.56,0.00022514255118667934
YT,1969,616368.0599999999,0.012992827857189533
YT,1970,0.0,0.0
YT,1971,299953.80999999994,0.006322923706394091
YT,1972,69148.86,0.0014576343143103475
YT,1973,812.24,1.71217413483814e-05
YT,1974,3244.43,6.839147454315112e-05
YT,1975,29420.610000000004,0.0006201763945774688
YT,1976,58744.66,0.001238317337386249
YT,1977,311589.59,0.0065682019684184575
YT,1978,6351.2,0.00013388112337712983
YT,1979,7110.95,0.00014989639348132657
YT,1980,153179.22999999998,0.0032289657687435045
YT,1981,13191.079999999998,0.00027806345398626866
YT,1982,236827.91000000006,0.004992251328545441
YT,1983,52111.49,0.001098492382865611
YT,1984,21252.57,0.00044799690550621746
YT,1985,18197.36,0.0003835941238345584
YT,1986,99704.32999999997,0.002101733169474125
YT,1987,88367.44,0.001862755406405265
YT,1988,5672.03,0.00011956445210807119
YT,1989,381013.34,0.008031630869894243
YT,1990,182124.73,0.00383912700704693
YT,1991,118747.08000000002,0.002503147825317091
YT,1992,36945.740000000005,0.0007788035607758159
YT,1993,113605.34999999999,0.00239476191580363
YT,1994,419507.4699999999,0.00884307396219574
YT,1995,260882.15000000002,0.005499306479254455
YT,1996,89802.03000000003,0.0018929960728597303
YT,1997,10713.880000000001,0.0002258449253885508
YT,1998,342454.43999999994,0.00721882244814931
YT,1999,193797.2299999999,0.004085179314110088
YT,2000,7849.48,0.00016546435324447554
YT,2001,16902.16,0.00035629175089746645
YT,2002,36053.39,0.0007599931280315183
YT,2003,48156.0,0.0010151120067623542
YT,2004,1717541.3399999999,0.03620518390947551
YT,2005,187096.0,0.003943919678071464
YT,2006,94638.0,0.0019949366661677816
YT,2007,37051.0,0.0007810224055684025
YT,2008,11949.0,0.00025188083247785055
YT,2009,229013.10000000003,0.004827517807041028
YT,2010,146242.0,0.003082731333435921
YT,2011,39957.0,0.0008422798914819211
YT,2012,56402.58,0.0011889470921665883
YT,2013,195966.33000000002,0.004130903200102869
YT,2014,2901.74,6.116768657078233e-05
YT,2015,167913.6,0.0035395612480000676
YT,2016,21289.0,0.00044876483744421796
YT,2017,397828.95000000007,0.008386098176398795
